Town/County,Year,Industry Name,Measure Type,Value
Andover,2014,Local/Municipal Government,US Dollars,42601.073746
Andover,2014,Construction,US Dollars,55289.837838
Andover,2014,Manufacturing,US Dollars,-9999
Andover,2014,Retail Trade,US Dollars,-9999
Andover,2014,Administrative & Waste Management,US Dollars,15536.023881
Andover,2014,Health Care & Social Assistance,US Dollars,26572.271845
Ansonia,2014,Local/Municipal Government,US Dollars,47591.118106
Ansonia,2014,Construction,US Dollars,46185.290883
Ansonia,2014,Manufacturing,US Dollars,61250.151224
Ansonia,2014,Retail Trade,US Dollars,26351.786186
Ansonia,2014,Health Care & Social Assistance,US Dollars,46079.49614
Ansonia,2014,Accommodation And Food Services,US Dollars,18339.160248
Ashford,2014,Local/Municipal Government,US Dollars,38702.970492
Ashford,2014,Construction,US Dollars,37754.92437
Ashford,2014,Manufacturing,US Dollars,41639.968831
Ashford,2014,Retail Trade,US Dollars,40729.42623
Ashford,2014,Administrative & Waste Management,US Dollars,15203.128028
Ashford,2014,Other Services (Except Public Admin),US Dollars,12572.759725
Avon,2014,Local/Municipal Government,US Dollars,59341.202816
Avon,2014,Construction,US Dollars,71911.873578
Avon,2014,Manufacturing,US Dollars,71523.599025
Avon,2014,Retail Trade,US Dollars,25111.425109
Avon,2014,Health Care & Social Assistance,US Dollars,38152.102515
Avon,2014,Accommodation And Food Services,US Dollars,18751.201485
Barkhamsted,2014,Local/Municipal Government,US Dollars,56099.039301
Barkhamsted,2014,Construction,US Dollars,45499.696793
Barkhamsted,2014,Manufacturing,US Dollars,60708.572146
Barkhamsted,2014,Retail Trade,US Dollars,33346.971429
Barkhamsted,2014,Accommodation And Food Services,US Dollars,11472.430279
Beacon Falls,2014,Local/Municipal Government,US Dollars,49563.740648
Beacon Falls,2014,State Government,US Dollars,56668.655738
Beacon Falls,2014,Construction,US Dollars,44678.387001
Beacon Falls,2014,Manufacturing,US Dollars,48828.332208
Beacon Falls,2014,Wholesale Trade,US Dollars,77434.695397
Beacon Falls,2014,Retail Trade,US Dollars,22002.43038
Berlin,2014,Local/Municipal Government,US Dollars,52990.955227
Berlin,2014,Construction,US Dollars,69044.500484
Berlin,2014,Manufacturing,US Dollars,66681.554284
Berlin,2014,Wholesale Trade,US Dollars,69505.663685
Berlin,2014,Retail Trade,US Dollars,29279.51799
Berlin,2014,Health Care & Social Assistance,US Dollars,32318.020401
Bethany,2014,Local/Municipal Government,US Dollars,48185.633588
Bethany,2014,Construction,US Dollars,42522.437432
Bethany,2014,Manufacturing,US Dollars,79505.70297
Bethany,2014,Retail Trade,US Dollars,20846.168421
Bethany,2014,Health Care & Social Assistance,US Dollars,23904.768
Bethel,2014,Local/Municipal Government,US Dollars,55587.705298
Bethel,2014,Construction,US Dollars,56254.874332
Bethel,2014,Manufacturing,US Dollars,68985.321466
Bethel,2014,Retail Trade,US Dollars,32499.071517
Bethel,2014,Health Care & Social Assistance,US Dollars,33868.293269
Bethel,2014,Accommodation And Food Services,US Dollars,17141.645963
Bethlehem,2014,Local/Municipal Government,US Dollars,39289.3213
Bethlehem,2014,Construction,US Dollars,45946.929368
Bethlehem,2014,Manufacturing,US Dollars,-9999
Bethlehem,2014,Retail Trade,US Dollars,19064.565295
Bethlehem,2014,Health Care & Social Assistance,US Dollars,35413.331606
Bethlehem,2014,Other Services (Except Public Admin),US Dollars,28982.453731
Bloomfield,2014,Construction,US Dollars,68923.327284
Bloomfield,2014,Manufacturing,US Dollars,70294.943043
Bloomfield,2014,Retail Trade,US Dollars,26203.64911
Bloomfield,2014,Transportation & Warehousing,US Dollars,42026.250944
Bloomfield,2014,Finance And Insurance,US Dollars,133962.51165
Bloomfield,2014,Health Care & Social Assistance,US Dollars,44988.924049
Bolton,2014,Local/Municipal Government,US Dollars,43842.17214
Bolton,2014,Construction,US Dollars,60766.757396
Bolton,2014,Manufacturing,US Dollars,45768.990163
Bolton,2014,Retail Trade,US Dollars,30933.189671
Bolton,2014,Administrative & Waste Management,US Dollars,34718.767347
Bolton,2014,Health Care & Social Assistance,US Dollars,31590.452648
Bozrah,2014,Local/Municipal Government,US Dollars,39933.740864
Bozrah,2014,Construction,US Dollars,37751.546875
Bozrah,2014,Manufacturing,US Dollars,48457.44427
Bozrah,2014,Wholesale Trade,US Dollars,46009.987952
Bozrah,2014,Retail Trade,US Dollars,24181.717352
Bozrah,2014,Health Care & Social Assistance,US Dollars,18240.159292
Branford,2014,Local/Municipal Government,US Dollars,54975.828885
Branford,2014,Construction,US Dollars,64988.414675
Branford,2014,Manufacturing,US Dollars,59939.576397
Branford,2014,Retail Trade,US Dollars,33317.400335
Branford,2014,Health Care & Social Assistance,US Dollars,36196.278008
Branford,2014,Accommodation And Food Services,US Dollars,17738.558393
Bridgeport,2014,Local/Municipal Government,US Dollars,62949.649003
Bridgeport,2014,State Government,US Dollars,65057.441891
Bridgeport,2014,Construction,US Dollars,61772.378117
Bridgeport,2014,Manufacturing,US Dollars,64189.788176
Bridgeport,2014,Retail Trade,US Dollars,35499.797548
Bridgeport,2014,Health Care & Social Assistance,US Dollars,51522.970677
Bridgewater,2014,Federal Government,US Dollars,89886.824281
Bridgewater,2014,Local/Municipal Government,US Dollars,39658.259386
Bridgewater,2014,Construction,US Dollars,38865.876923
Bridgewater,2014,Manufacturing,US Dollars,-9999
Bridgewater,2014,Retail Trade,US Dollars,19017.274336
Bridgewater,2014,Administrative & Waste Management,US Dollars,29293.533469
Bristol,2014,Local/Municipal Government,US Dollars,59635.581818
Bristol,2014,Construction,US Dollars,49068.907589
Bristol,2014,Manufacturing,US Dollars,67009.054963
Bristol,2014,Retail Trade,US Dollars,29845.723121
Bristol,2014,Information,US Dollars,139475.69437
Bristol,2014,Health Care & Social Assistance,US Dollars,42513.442631
Brookfield,2014,Local/Municipal Government,US Dollars,58898.907991
Brookfield,2014,Construction,US Dollars,59708.076759
Brookfield,2014,Manufacturing,US Dollars,71187.15541
Brookfield,2014,Retail Trade,US Dollars,31883.233179
Brookfield,2014,Health Care & Social Assistance,US Dollars,42170.409008
Brookfield,2014,Other Services (Except Public Admin),US Dollars,20934.700043
Brooklyn,2014,Local/Municipal Government,US Dollars,45155.707763
Brooklyn,2014,Construction,US Dollars,46211.709531
Brooklyn,2014,Manufacturing,US Dollars,32219.37931
Brooklyn,2014,Retail Trade,US Dollars,27938.633897
Brooklyn,2014,Health Care & Social Assistance,US Dollars,26562.280127
Brooklyn,2014,Accommodation And Food Services,US Dollars,13441.364954
Burlington,2014,Local/Municipal Government,US Dollars,50693.760801
Burlington,2014,Construction,US Dollars,44525.347044
Burlington,2014,Manufacturing,US Dollars,51680.096386
Burlington,2014,Retail Trade,US Dollars,23108.960302
Burlington,2014,Health Care & Social Assistance,US Dollars,26073.681818
Burlington,2014,Accommodation And Food Services,US Dollars,12944.97561
Canaan,2014,Local/Municipal Government,US Dollars,46229.969388
Canaan,2014,Construction,US Dollars,38753.169713
Canaan,2014,Manufacturing,US Dollars,-9999
Canaan,2014,Retail Trade,US Dollars,37868.078163
Canaan,2014,Administrative & Waste Management,US Dollars,34356.115385
Canaan,2014,Accommodation And Food Services,US Dollars,19187.067649
Canterbury,2014,Local/Municipal Government,US Dollars,37704.116505
Canterbury,2014,Construction,US Dollars,36959.822222
Canterbury,2014,Manufacturing,US Dollars,-9999
Canterbury,2014,Retail Trade,US Dollars,21985.402878
Canterbury,2014,Accommodation And Food Services,US Dollars,14454.045249
Canton,2014,Local/Municipal Government,US Dollars,46153.394139
Canton,2014,Construction,US Dollars,53025.19162
Canton,2014,Manufacturing,US Dollars,40226.895706
Canton,2014,Retail Trade,US Dollars,25505.46901
Canton,2014,Health Care & Social Assistance,US Dollars,37004.62452
Canton,2014,Accommodation And Food Services,US Dollars,14894.117076
Chaplin,2014,Local/Municipal Government,US Dollars,36168.479538
Chaplin,2014,Construction,US Dollars,24396.682635
Chaplin,2014,Manufacturing,US Dollars,-9999
Chaplin,2014,Retail Trade,US Dollars,15075.643725
Chaplin,2014,Accommodation And Food Services,US Dollars,12219.036145
Cheshire,2014,Local/Municipal Government,US Dollars,51755.640862
Cheshire,2014,Construction,US Dollars,71013.517601
Cheshire,2014,Manufacturing,US Dollars,79575.45628
Cheshire,2014,Wholesale Trade,US Dollars,65101.752943
Cheshire,2014,Retail Trade,US Dollars,27832.817135
Cheshire,2014,Health Care & Social Assistance,US Dollars,33086.777049
Chester,2014,Local/Municipal Government,US Dollars,32137.816156
Chester,2014,Construction,US Dollars,40406.1
Chester,2014,Manufacturing,US Dollars,69230.763128
Chester,2014,Retail Trade,US Dollars,23185.829401
Chester,2014,Health Care & Social Assistance,US Dollars,27023.766667
Chester,2014,Accommodation And Food Services,US Dollars,21172.699471
Clinton,2014,Local/Municipal Government,US Dollars,46048.848092
Clinton,2014,Construction,US Dollars,51044.774734
Clinton,2014,Manufacturing,US Dollars,48643.944503
Clinton,2014,Retail Trade,US Dollars,22982.238816
Clinton,2014,Health Care & Social Assistance,US Dollars,38796.05694
Clinton,2014,Accommodation And Food Services,US Dollars,19649.591745
Colchester,2014,Local/Municipal Government,US Dollars,50194.666131
Colchester,2014,Construction,US Dollars,67042.626738
Colchester,2014,Manufacturing,US Dollars,54074.286037
Colchester,2014,Retail Trade,US Dollars,29455.112128
Colchester,2014,Health Care & Social Assistance,US Dollars,33879.914915
Colchester,2014,Accommodation And Food Services,US Dollars,15313.105095
Colebrook,2014,Federal Government,US Dollars,51862.222222
Colebrook,2014,Local/Municipal Government,US Dollars,29171.677725
Colebrook,2014,Construction,US Dollars,28607.225806
Colebrook,2014,Manufacturing,US Dollars,0
Colebrook,2014,Retail Trade,US Dollars,-9999
Columbia,2014,Local/Municipal Government,US Dollars,45878.371513
Columbia,2014,Construction,US Dollars,43813.947644
Columbia,2014,Manufacturing,US Dollars,-9999
Columbia,2014,Retail Trade,US Dollars,42573.394772
Columbia,2014,Health Care & Social Assistance,US Dollars,26166.659564
Columbia,2014,Other Services (Except Public Admin),US Dollars,13659.422819
Connecticut,2014,All Industries,US Dollars,63909
Connecticut,2014,Local/Municipal Government,US Dollars,53740
Connecticut,2014,Construction,US Dollars,61056
Connecticut,2014,Manufacturing,US Dollars,81390
Connecticut,2014,Retail Trade,US Dollars,32051
Connecticut,2014,Health Care And Social Assistance,US Dollars,50052
Connecticut,2014,Accommodation And Food Services,US Dollars,19538
Cornwall,2014,Local/Municipal Government,US Dollars,33206.344828
Cornwall,2014,Construction,US Dollars,45610.595745
Cornwall,2014,Manufacturing,US Dollars,-9999
Cornwall,2014,Retail Trade,US Dollars,34116.110429
Cornwall,2014,Accommodation And Food Services,US Dollars,14646.304147
Cornwall,2014,Other Services (Except Public Admin),US Dollars,30907.366516
Coventry,2014,Local/Municipal Government,US Dollars,48153.39668
Coventry,2014,Construction,US Dollars,46406.776504
Coventry,2014,Manufacturing,US Dollars,38120.893058
Coventry,2014,Retail Trade,US Dollars,23406.641588
Coventry,2014,Health Care & Social Assistance,US Dollars,35775.475635
Coventry,2014,Accommodation And Food Services,US Dollars,13187.52048
Cromwell,2014,Local/Municipal Government,US Dollars,51944.417835
Cromwell,2014,Construction,US Dollars,74064.562413
Cromwell,2014,Manufacturing,US Dollars,63488.778154
Cromwell,2014,Retail Trade,US Dollars,25691.530604
Cromwell,2014,Health Care & Social Assistance,US Dollars,42568.385772
Cromwell,2014,Accommodation And Food Services,US Dollars,17356.672678
Danbury,2014,Local/Municipal Government,US Dollars,53422.084953
Danbury,2014,Construction,US Dollars,57914.763744
Danbury,2014,Manufacturing,US Dollars,121191.65096
Danbury,2014,Retail Trade,US Dollars,30659.44629
Danbury,2014,Health Care & Social Assistance,US Dollars,62057.565024
Danbury,2014,Accommodation And Food Services,US Dollars,20932.947252
Darien,2014,Local/Municipal Government,US Dollars,68287.263333
Darien,2014,Construction,US Dollars,61443.205674
Darien,2014,Manufacturing,US Dollars,98721.142857
Darien,2014,Retail Trade,US Dollars,43365.581583
Darien,2014,Accommodation And Food Services,US Dollars,21189.222982
Darien,2014,Other Services (Except Public Admin),US Dollars,35419.928477
Deep River,2014,Local/Municipal Government,US Dollars,45891.330864
Deep River,2014,Construction,US Dollars,36995.875
Deep River,2014,Manufacturing,US Dollars,49240.065322
Deep River,2014,Retail Trade,US Dollars,25741.615486
Deep River,2014,Health Care & Social Assistance,US Dollars,32009.984375
Deep River,2014,Accommodation And Food Services,US Dollars,12901.598802
Derby,2014,Local/Municipal Government,US Dollars,47542.778526
Derby,2014,Construction,US Dollars,50897.775057
Derby,2014,Manufacturing,US Dollars,39662.559486
Derby,2014,Retail Trade,US Dollars,23234.27915
Derby,2014,Health Care & Social Assistance,US Dollars,48739.758423
Derby,2014,Accommodation And Food Services,US Dollars,13153.719126
Durham,2014,Local/Municipal Government,US Dollars,53527.951125
Durham,2014,Construction,US Dollars,51160.148334
Durham,2014,Manufacturing,US Dollars,76262.313006
Durham,2014,Retail Trade,US Dollars,19893.413567
Durham,2014,Health Care & Social Assistance,US Dollars,31875.261845
Durham,2014,Accommodation And Food Services,US Dollars,12469.162562
East Granby,2014,Construction,US Dollars,65621.928571
East Granby,2014,Manufacturing,US Dollars,70255.82826
East Granby,2014,Wholesale Trade,US Dollars,89749.911746
East Granby,2014,Retail Trade,US Dollars,31548.700102
East Granby,2014,Transportation & Warehousing,US Dollars,53619.879509
East Granby,2014,Administrative & Waste Management,US Dollars,35883.2054
East Haddam,2014,Local/Municipal Government,US Dollars,47299.463335
East Haddam,2014,Construction,US Dollars,48058.554804
East Haddam,2014,Manufacturing,US Dollars,56806.348837
East Haddam,2014,Retail Trade,US Dollars,32340.871015
East Haddam,2014,Health Care & Social Assistance,US Dollars,31504.529696
East Haddam,2014,Accommodation And Food Services,US Dollars,17539.247889
East Hampton,2014,Local/Municipal Government,US Dollars,53013.380918
East Hampton,2014,Construction,US Dollars,45804.912442
East Hampton,2014,Manufacturing,US Dollars,66418.043344
East Hampton,2014,Retail Trade,US Dollars,26310.363308
East Hampton,2014,Health Care & Social Assistance,US Dollars,31651.410323
East Hampton,2014,Accommodation And Food Services,US Dollars,13747.456963
East Hartford,2014,Construction,US Dollars,62187.603782
East Hartford,2014,Manufacturing,US Dollars,-9999
East Hartford,2014,Retail Trade,US Dollars,37721.239833
East Hartford,2014,Administrative & Waste Management,US Dollars,35528.740868
East Hartford,2014,Health Care & Social Assistance,US Dollars,36934.496084
East Haven,2014,Local/Municipal Government,US Dollars,46407.76534
East Haven,2014,Construction,US Dollars,45409.886901
East Haven,2014,Manufacturing,US Dollars,45498.68425
East Haven,2014,Retail Trade,US Dollars,31853.443556
East Haven,2014,Health Care & Social Assistance,US Dollars,33166.897941
East Haven,2014,Accommodation And Food Services,US Dollars,17169.42008
East Lyme,2014,Local/Municipal Government,US Dollars,45987.051251
East Lyme,2014,Construction,US Dollars,52775.593807
East Lyme,2014,Manufacturing,US Dollars,56794.977617
East Lyme,2014,Retail Trade,US Dollars,33233.021704
East Lyme,2014,Health Care & Social Assistance,US Dollars,35179.912946
East Lyme,2014,Accommodation And Food Services,US Dollars,15065.911659
East Windsor,2014,Construction,US Dollars,76317.239626
East Windsor,2014,Manufacturing,US Dollars,51876.270789
East Windsor,2014,Wholesale Trade,US Dollars,59243.240719
East Windsor,2014,Retail Trade,US Dollars,25188.524257
East Windsor,2014,Administrative & Waste Management,US Dollars,21533.283063
East Windsor,2014,Accommodation And Food Services,US Dollars,16987.150447
Eastford,2014,Local/Municipal Government,US Dollars,32403.075297
Eastford,2014,Construction,US Dollars,36769.392491
Eastford,2014,Manufacturing,US Dollars,55306.763892
Eastford,2014,Retail Trade,US Dollars,-9999
Eastford,2014,Accommodation And Food Services,US Dollars,14743.724138
Eastford,2014,Other Services (Except Public Admin),US Dollars,32752.864865
Easton,2014,Local/Municipal Government,US Dollars,46237.242595
Easton,2014,Construction,US Dollars,40731.071161
Easton,2014,Manufacturing,US Dollars,-9999
Easton,2014,Retail Trade,US Dollars,-9999
Easton,2014,Administrative & Waste Management,US Dollars,36324.310536
Easton,2014,Health Care & Social Assistance,US Dollars,17827.79936
Ellington,2014,Local/Municipal Government,US Dollars,43005.831023
Ellington,2014,Construction,US Dollars,53100.685714
Ellington,2014,Manufacturing,US Dollars,61818.795465
Ellington,2014,Retail Trade,US Dollars,38013.018624
Ellington,2014,Health Care & Social Assistance,US Dollars,31946.099876
Ellington,2014,Other Services (Except Public Admin),US Dollars,17329.116719
Enfield,2014,Construction,US Dollars,58649.47651
Enfield,2014,Manufacturing,US Dollars,59278.311751
Enfield,2014,Retail Trade,US Dollars,29210.318208
Enfield,2014,Finance And Insurance,US Dollars,122123.40993
Enfield,2014,Health Care & Social Assistance,US Dollars,40678.761343
Enfield,2014,Accommodation And Food Services,US Dollars,16637.752462
Essex,2014,Construction,US Dollars,76548.058735
Essex,2014,Manufacturing,US Dollars,58217.643178
Essex,2014,Wholesale Trade,US Dollars,73695.498658
Essex,2014,Retail Trade,US Dollars,26541.232184
Essex,2014,Health Care & Social Assistance,US Dollars,42583.620636
Fairfield,2014,Construction,US Dollars,66691.401904
Fairfield,2014,Manufacturing,US Dollars,83505.545526
Fairfield,2014,Retail Trade,US Dollars,32123.991859
Fairfield,2014,Educational Services,US Dollars,50078.42449
Fairfield,2014,Health Care & Social Assistance,US Dollars,45706.87264
Fairfield,2014,Accommodation And Food Services,US Dollars,21420.186566
Fairfield County,2014,All Industries,US Dollars,83753
Fairfield County,2014,Local/Municipal Government,US Dollars,60987
Fairfield County,2014,Construction,US Dollars,61606
Fairfield County,2014,Manufacturing,US Dollars,5214
Fairfield County,2014,Retail Trade,US Dollars,39392
Fairfield County,2014,Finance And Insurance,US Dollars,58968
Fairfield County,2014,Health Care And Social Assistance,US Dollars,53268
Farmington,2014,State Government,US Dollars,76278.995491
Farmington,2014,Construction,US Dollars,80551.958164
Farmington,2014,Manufacturing,US Dollars,69158.30132
Farmington,2014,Retail Trade,US Dollars,25936.69412
Farmington,2014,Finance And Insurance,US Dollars,98832.72805
Farmington,2014,Health Care & Social Assistance,US Dollars,50155.031142
Franklin,2014,State Government,US Dollars,52193.404255
Franklin,2014,Construction,US Dollars,59048.836957
Franklin,2014,Manufacturing,US Dollars,-9999
Franklin,2014,Wholesale Trade,US Dollars,55127.670903
Franklin,2014,Retail Trade,US Dollars,43807.942158
Franklin,2014,Health Care & Social Assistance,US Dollars,88515.156415
Glastonbury,2014,Construction,US Dollars,85035.556906
Glastonbury,2014,Manufacturing,US Dollars,63302.431903
Glastonbury,2014,Retail Trade,US Dollars,28118.75669
Glastonbury,2014,Finance And Insurance,US Dollars,102575.43019
Glastonbury,2014,Health Care & Social Assistance,US Dollars,47304.986438
Goshen,2014,Local/Municipal Government,US Dollars,46916.1875
Goshen,2014,Construction,US Dollars,47959.176471
Goshen,2014,Manufacturing,US Dollars,28946.716981
Goshen,2014,Wholesale Trade,US Dollars,25938.735178
Goshen,2014,Retail Trade,US Dollars,43519.019608
Goshen,2014,Other Services (Except Public Admin),US Dollars,22220.536082
Granby,2014,Local/Municipal Government,US Dollars,53620.559291
Granby,2014,Construction,US Dollars,47781.042886
Granby,2014,Manufacturing,US Dollars,-9999
Granby,2014,Retail Trade,US Dollars,25927.016137
Granby,2014,Health Care & Social Assistance,US Dollars,29001.527341
Granby,2014,Accommodation And Food Services,US Dollars,14393.369298
Greenwich,2014,Local/Municipal Government,US Dollars,67899.885906
Greenwich,2014,Construction,US Dollars,67951.214118
Greenwich,2014,Manufacturing,US Dollars,69935.454364
Greenwich,2014,Retail Trade,US Dollars,49109.538852
Greenwich,2014,Finance And Insurance,US Dollars,334768.1673
Greenwich,2014,Health Care & Social Assistance,US Dollars,69188.855825
Griswold,2014,Local/Municipal Government,US Dollars,43724.093936
Griswold,2014,Construction,US Dollars,56108.511822
Griswold,2014,Manufacturing,US Dollars,-9999
Griswold,2014,Retail Trade,US Dollars,19647.672677
Griswold,2014,Accommodation And Food Services,US Dollars,12727.513739
Griswold,2014,Other Services (Except Public Admin),US Dollars,19817.44574
Groton,2014,Construction,US Dollars,66093.635762
Groton,2014,Manufacturing,US Dollars,108428.37444
Groton,2014,Retail Trade,US Dollars,27913.70099
Groton,2014,Health Care & Social Assistance,US Dollars,38767.182681
Groton,2014,Accommodation And Food Services,US Dollars,19214.154953
Guilford,2014,Local/Municipal Government,US Dollars,52298.923118
Guilford,2014,Construction,US Dollars,44252.211932
Guilford,2014,Manufacturing,US Dollars,58735.436592
Guilford,2014,Retail Trade,US Dollars,31128.159432
Guilford,2014,Health Care & Social Assistance,US Dollars,39030.694834
Haddam,2014,Local/Municipal Government,US Dollars,42956.08347
Haddam,2014,Construction,US Dollars,48545.446809
Haddam,2014,Manufacturing,US Dollars,38271.827243
Haddam,2014,Retail Trade,US Dollars,17713.29773
Haddam,2014,Administrative & Waste Management,US Dollars,56016.094712
Haddam,2014,Health Care & Social Assistance,US Dollars,38092.914846
Hamden,2014,Construction,US Dollars,57979.128877
Hamden,2014,Manufacturing,US Dollars,49840.553916
Hamden,2014,Retail Trade,US Dollars,25039.338607
Hamden,2014,Educational Services,US Dollars,59962.319013
Hamden,2014,Health Care & Social Assistance,US Dollars,48133.031362
Hamden,2014,Accommodation And Food Services,US Dollars,17614.695678
Hampton,2014,Local/Municipal Government,US Dollars,31109.542683
Hampton,2014,Construction,US Dollars,-9999
Hampton,2014,Manufacturing,US Dollars,0
Hampton,2014,Wholesale Trade,US Dollars,310127.63636
Hampton,2014,Retail Trade,US Dollars,-9999
Hampton,2014,Other Services (Except Public Admin),US Dollars,11259.563636
Hartford,2014,State Government,US Dollars,70473.361416
Hartford,2014,Construction,US Dollars,59552.216293
Hartford,2014,Manufacturing,US Dollars,45432.372578
Hartford,2014,Retail Trade,US Dollars,39176.597797
Hartford,2014,Finance And Insurance,US Dollars,151237.04348
Hartford,2014,Health Care & Social Assistance,US Dollars,71323.599379
Hartford County,2014,All Industries,US Dollars,63799
Hartford County,2014,Local/Municipal Government,US Dollars,57045
Hartford County,2014,Construction,US Dollars,63584
Hartford County,2014,Manufacturing,US Dollars,81006
Hartford County,2014,Retail Trade,US Dollars,29518
Hartford County,2014,Finance And Insurance,US Dollars,125049
Hartford County,2014,Health Care And Social Assistance,US Dollars,53235
Hartland,2014,Local/Municipal Government,US Dollars,42116.507205
Hartland,2014,State Government,US Dollars,40479.652174
Hartland,2014,Construction,US Dollars,40572.097561
Hartland,2014,Manufacturing,US Dollars,0
Hartland,2014,Retail Trade,US Dollars,0
Hartland,2014,Other Services (Except Public Admin),US Dollars,24819.540984
Harwinton,2014,Local/Municipal Government,US Dollars,46268.848129
Harwinton,2014,Construction,US Dollars,67355.00216
Harwinton,2014,Manufacturing,US Dollars,32212.8
Harwinton,2014,Retail Trade,US Dollars,20328.950943
Harwinton,2014,Accommodation And Food Services,US Dollars,15024.982097
Hebron,2014,Local/Municipal Government,US Dollars,38942.266537
Hebron,2014,Construction,US Dollars,37532.957265
Hebron,2014,Manufacturing,US Dollars,-9999
Hebron,2014,Retail Trade,US Dollars,23864.958965
Hebron,2014,Health Care & Social Assistance,US Dollars,32133.487798
Hebron,2014,Accommodation And Food Services,US Dollars,13545.474553
Kent,2014,Construction,US Dollars,33535.470817
Kent,2014,Manufacturing,US Dollars,51651.428571
Kent,2014,Retail Trade,US Dollars,23040.738935
Kent,2014,Educational Services,US Dollars,48074.807245
Kent,2014,Health Care & Social Assistance,US Dollars,43889.732029
Kent,2014,Accommodation And Food Services,US Dollars,25885.016265
Killingly,2014,Local/Municipal Government,US Dollars,44362.228856
Killingly,2014,Construction,US Dollars,54209.000946
Killingly,2014,Manufacturing,US Dollars,55340.564407
Killingly,2014,Retail Trade,US Dollars,27589.500217
Killingly,2014,Transportation & Warehousing,US Dollars,46744.857049
Killingly,2014,Health Care & Social Assistance,US Dollars,35631.810659
Killingworth,2014,Local/Municipal Government,US Dollars,59445.666667
Killingworth,2014,Construction,US Dollars,44529.685279
Killingworth,2014,Manufacturing,US Dollars,-9999
Killingworth,2014,Retail Trade,US Dollars,30827.656697
Killingworth,2014,Administrative & Waste Management,US Dollars,31162.361446
Lebanon,2014,Local/Municipal Government,US Dollars,45011.778666
Lebanon,2014,Construction,US Dollars,27971.583127
Lebanon,2014,Manufacturing,US Dollars,-9999
Lebanon,2014,Wholesale Trade,US Dollars,21997.760991
Lebanon,2014,Retail Trade,US Dollars,-9999
Lebanon,2014,Health Care & Social Assistance,US Dollars,30344.189366
Ledyard,2014,Local/Municipal Government,US Dollars,38666.977754
Ledyard,2014,Construction,US Dollars,38431.460485
Ledyard,2014,Manufacturing,US Dollars,90927.968073
Ledyard,2014,Retail Trade,US Dollars,26145.675599
Ledyard,2014,Health Care & Social Assistance,US Dollars,42012.474122
Ledyard,2014,Accommodation And Food Services,US Dollars,21986.349465
Lisbon,2014,Local/Municipal Government,US Dollars,38673.248208
Lisbon,2014,Construction,US Dollars,44438.495726
Lisbon,2014,Manufacturing,US Dollars,-9999
Lisbon,2014,Retail Trade,US Dollars,22533.840553
Lisbon,2014,Health Care & Social Assistance,US Dollars,41098.564103
Lisbon,2014,Accommodation And Food Services,US Dollars,16396.734669
Litchfield,2014,Local/Municipal Government,US Dollars,52210.324607
Litchfield,2014,Construction,US Dollars,49190.355987
Litchfield,2014,Manufacturing,US Dollars,26021.084746
Litchfield,2014,Retail Trade,US Dollars,32236.764602
Litchfield,2014,Health Care & Social Assistance,US Dollars,36092.767488
Litchfield,2014,Accommodation And Food Services,US Dollars,20196.160486
Litchfield County,2014,All Industries,US Dollars,43302
Litchfield County,2014,Local/Municipal Government,US Dollars,49156
Litchfield County,2014,Construction,US Dollars,57514
Litchfield County,2014,Manufacturing,US Dollars,56903
Litchfield County,2014,Retail Trade,US Dollars,31276
Litchfield County,2014,Health Care And Social Assistance,US Dollars,41826
Litchfield County,2014,Accommodation And Food Services,US Dollars,17805
Lyme,2014,Local/Municipal Government,US Dollars,28820.765625
Lyme,2014,Construction,US Dollars,55621.339168
Lyme,2014,Manufacturing,US Dollars,-9999
Lyme,2014,Retail Trade,US Dollars,46712.293515
Lyme,2014,Health Care & Social Assistance,US Dollars,51660.101266
Lyme,2014,Other Services (Except Public Admin),US Dollars,27624
Madison,2014,Local/Municipal Government,US Dollars,50891.055508
Madison,2014,Construction,US Dollars,40830.425339
Madison,2014,Manufacturing,US Dollars,51548.073606
Madison,2014,Retail Trade,US Dollars,30925.380571
Madison,2014,Health Care & Social Assistance,US Dollars,35027.832565
Madison,2014,Accommodation And Food Services,US Dollars,19351.602723
Manchester,2014,Local/Municipal Government,US Dollars,53484.551512
Manchester,2014,Construction,US Dollars,57354.576527
Manchester,2014,Manufacturing,US Dollars,67883.756538
Manchester,2014,Retail Trade,US Dollars,28412.839836
Manchester,2014,Health Care & Social Assistance,US Dollars,52207.701112
Manchester,2014,Accommodation And Food Services,US Dollars,17169.070666
Mansfield,2014,State Government,US Dollars,62969.10144
Mansfield,2014,Construction,US Dollars,73834.644211
Mansfield,2014,Manufacturing,US Dollars,52170.71134
Mansfield,2014,Retail Trade,US Dollars,21067.352488
Mansfield,2014,Health Care & Social Assistance,US Dollars,45773.955683
Mansfield,2014,Accommodation And Food Services,US Dollars,20971.804563
Marlborough,2014,Local/Municipal Government,US Dollars,48199.594481
Marlborough,2014,Construction,US Dollars,41732.065253
Marlborough,2014,Manufacturing,US Dollars,60170.103896
Marlborough,2014,Retail Trade,US Dollars,15520.523364
Marlborough,2014,Health Care & Social Assistance,US Dollars,44294.401745
Marlborough,2014,Accommodation And Food Services,US Dollars,13763.286119
Meriden,2014,Local/Municipal Government,US Dollars,59843.056718
Meriden,2014,Construction,US Dollars,62394.508923
Meriden,2014,Manufacturing,US Dollars,68497.136204
Meriden,2014,Retail Trade,US Dollars,25827.224594
Meriden,2014,Administrative & Waste Management,US Dollars,27350.416368
Meriden,2014,Health Care & Social Assistance,US Dollars,47142.902679
Middlebury,2014,Local/Municipal Government,US Dollars,56514.616877
Middlebury,2014,Construction,US Dollars,-9999
Middlebury,2014,Manufacturing,US Dollars,68896.875
Middlebury,2014,Retail Trade,US Dollars,37025.325391
Middlebury,2014,Management Of Companies & Enterprises,US Dollars,133457.60432
Middlebury,2014,Health Care & Social Assistance,US Dollars,51442.488737
Middlefield,2014,Local/Municipal Government,US Dollars,46859.729032
Middlefield,2014,Construction,US Dollars,39804.827705
Middlefield,2014,Manufacturing,US Dollars,97101.982387
Middlefield,2014,Retail Trade,US Dollars,21624.693227
Middlefield,2014,Health Care & Social Assistance,US Dollars,23351.702032
Middlefield,2014,Other Services (Except Public Admin),US Dollars,18474.157895
Middlesex County,2014,All Industries,US Dollars,50746
Middlesex County,2014,Local/Municipal Government,US Dollars,50197
Middlesex County,2014,Construction,US Dollars,56138
Middlesex County,2014,Manufacturing,US Dollars,77029
Middlesex County,2014,Retail Trade,US Dollars,29282
Middlesex County,2014,Health Care And Social Assistance,US Dollars,46384
Middlesex County,2014,Accommodation And Food Services,US Dollars,19835
Middletown,2014,State Government,US Dollars,81172.606687
Middletown,2014,Construction,US Dollars,56345.468273
Middletown,2014,Manufacturing,US Dollars,92065.243269
Middletown,2014,Retail Trade,US Dollars,35973.350048
Middletown,2014,Health Care & Social Assistance,US Dollars,54958.209162
Middletown,2014,Accommodation And Food Services,US Dollars,22533.87775
Milford,2014,Local/Municipal Government,US Dollars,56907.694465
Milford,2014,Construction,US Dollars,70652.74472
Milford,2014,Manufacturing,US Dollars,67452.657808
Milford,2014,Retail Trade,US Dollars,28944.483708
Milford,2014,Health Care & Social Assistance,US Dollars,49916.440335
Milford,2014,Accommodation And Food Services,US Dollars,16817.760488
Monroe,2014,Local/Municipal Government,US Dollars,59090.58712
Monroe,2014,Construction,US Dollars,50039.064537
Monroe,2014,Manufacturing,US Dollars,65647.733229
Monroe,2014,Retail Trade,US Dollars,33274.458239
Monroe,2014,Health Care & Social Assistance,US Dollars,42213.681518
Monroe,2014,Accommodation And Food Services,US Dollars,16872.609343
Montville,2014,Local/Municipal Government,US Dollars,39252.7713
Montville,2014,State Government,US Dollars,74113.210395
Montville,2014,Construction,US Dollars,55462.923956
Montville,2014,Manufacturing,US Dollars,51947.187852
Montville,2014,Retail Trade,US Dollars,25679.350259
Montville,2014,Accommodation And Food Services,US Dollars,20820.967805
Morris,2014,Local/Municipal Government,US Dollars,36323.363363
Morris,2014,Construction,US Dollars,30293.805486
Morris,2014,Manufacturing,US Dollars,37003.881706
Morris,2014,Retail Trade,US Dollars,23690.043956
Morris,2014,Administrative & Waste Management,US Dollars,20359.92233
Morris,2014,Other Services (Except Public Admin),US Dollars,33570.396226
Naugatuck,2014,Local/Municipal Government,US Dollars,61532.469609
Naugatuck,2014,Construction,US Dollars,52373.062561
Naugatuck,2014,Manufacturing,US Dollars,59876.740661
Naugatuck,2014,Wholesale Trade,US Dollars,58422.998382
Naugatuck,2014,Retail Trade,US Dollars,27722.305218
Naugatuck,2014,Health Care & Social Assistance,US Dollars,30523.014486
New Britain,2014,Local/Municipal Government,US Dollars,63104.989694
New Britain,2014,State Government,US Dollars,54463.685374
New Britain,2014,Construction,US Dollars,68646.289839
New Britain,2014,Manufacturing,US Dollars,87016.612116
New Britain,2014,Retail Trade,US Dollars,32465.954321
New Britain,2014,Health Care & Social Assistance,US Dollars,54533.000517
New Canaan,2014,Local/Municipal Government,US Dollars,63724.040335
New Canaan,2014,Construction,US Dollars,94796.73931
New Canaan,2014,Manufacturing,US Dollars,77845.565217
New Canaan,2014,Retail Trade,US Dollars,37075.353007
New Canaan,2014,Health Care & Social Assistance,US Dollars,48532.142949
New Canaan,2014,Other Services (Except Public Admin),US Dollars,29670.933713
New Fairfield,2014,Local/Municipal Government,US Dollars,50465.490126
New Fairfield,2014,Construction,US Dollars,38940.377953
New Fairfield,2014,Manufacturing,US Dollars,26289.767442
New Fairfield,2014,Retail Trade,US Dollars,30997.76
New Fairfield,2014,Health Care & Social Assistance,US Dollars,56987.448391
New Fairfield,2014,Accommodation And Food Services,US Dollars,20397.979884
New Hartford,2014,Local/Municipal Government,US Dollars,45606.501144
New Hartford,2014,Construction,US Dollars,37874.626772
New Hartford,2014,Manufacturing,US Dollars,55041.312145
New Hartford,2014,Retail Trade,US Dollars,-9999
New Hartford,2014,Transportation & Warehousing,US Dollars,35106.395876
New Hartford,2014,Accommodation And Food Services,US Dollars,13682.882779
New Haven,2014,Local/Municipal Government,US Dollars,55194.999738
New Haven,2014,Construction,US Dollars,74373.609932
New Haven,2014,Manufacturing,US Dollars,56585.585092
New Haven,2014,Retail Trade,US Dollars,30443.773553
New Haven,2014,Health Care & Social Assistance,US Dollars,61232.863353
New Haven,2014,Accommodation And Food Services,US Dollars,20707.201673
New Haven County,2014,All Industries,US Dollars,53117
New Haven County,2014,Local/Municipal Government,US Dollars,54998
New Haven County,2014,Construction,US Dollars,61259
New Haven County,2014,Manufacturing,US Dollars,64173
New Haven County,2014,Retail Trade,US Dollars,28823
New Haven County,2014,Health Care And Social Assistance,US Dollars,48998
New Haven County,2014,Accommodation And Food Services,US Dollars,17538
New London,2014,Construction,US Dollars,57864.888492
New London,2014,Manufacturing,US Dollars,61761.225715
New London,2014,Retail Trade,US Dollars,35717.646466
New London,2014,Educational Services,US Dollars,55407.493894
New London,2014,Health Care & Social Assistance,US Dollars,60808.803873
New London,2014,Accommodation And Food Services,US Dollars,18066.551578
New London County,2014,All Industries,US Dollars,51015
New London County,2014,Local/Municipal Government,US Dollars,43091
New London County,2014,Construction,US Dollars,58532
New London County,2014,Manufacturing,US Dollars,96816
New London County,2014,Retail Trade,US Dollars,27397
New London County,2014,Health Care And Social Assistance,US Dollars,47583
New London County,2014,Accommodation And Food Services,US Dollars,18847
New Milford,2014,Local/Municipal Government,US Dollars,47428.226823
New Milford,2014,Construction,US Dollars,48043.449604
New Milford,2014,Manufacturing,US Dollars,63922.295438
New Milford,2014,Retail Trade,US Dollars,26938.51782
New Milford,2014,Health Care & Social Assistance,US Dollars,47845.008
New Milford,2014,Accommodation And Food Services,US Dollars,16000.112682
Newington,2014,State Government,US Dollars,87483.279032
Newington,2014,Construction,US Dollars,64899.811262
Newington,2014,Manufacturing,US Dollars,74830.795247
Newington,2014,Retail Trade,US Dollars,29145.965322
Newington,2014,Health Care & Social Assistance,US Dollars,44657.710611
Newington,2014,Accommodation And Food Services,US Dollars,16989.643047
Newtown,2014,Local/Municipal Government,US Dollars,51103.825941
Newtown,2014,Construction,US Dollars,61790.855139
Newtown,2014,Manufacturing,US Dollars,67287.623658
Newtown,2014,Retail Trade,US Dollars,27413.679227
Newtown,2014,Information,US Dollars,133908.72362
Newtown,2014,Health Care & Social Assistance,US Dollars,36988.71934
Norfolk,2014,Local/Municipal Government,US Dollars,43500.231986
Norfolk,2014,Construction,US Dollars,35933.762712
Norfolk,2014,Manufacturing,US Dollars,-9999
Norfolk,2014,Retail Trade,US Dollars,59413.374046
Norfolk,2014,Other Services (Except Public Admin),US Dollars,29941.3875
North Branford,2014,Local/Municipal Government,US Dollars,50832.462385
North Branford,2014,Construction,US Dollars,62306.181191
North Branford,2014,Manufacturing,US Dollars,64106.226829
North Branford,2014,Retail Trade,US Dollars,26119.559921
North Branford,2014,Administrative & Waste Management,US Dollars,35241.637437
North Branford,2014,Health Care & Social Assistance,US Dollars,41150.49635
North Canaan,2014,Construction,US Dollars,45687.663717
North Canaan,2014,Manufacturing,US Dollars,65245.251185
North Canaan,2014,Wholesale Trade,US Dollars,40767.487254
North Canaan,2014,Retail Trade,US Dollars,37032.38693
North Canaan,2014,Health Care & Social Assistance,US Dollars,40493.47613
North Canaan,2014,Accommodation And Food Services,US Dollars,11408.920723
North Haven,2014,Construction,US Dollars,66303.755794
North Haven,2014,Manufacturing,US Dollars,74448.577925
North Haven,2014,Wholesale Trade,US Dollars,70006.371275
North Haven,2014,Retail Trade,US Dollars,32597.214293
North Haven,2014,Health Care & Social Assistance,US Dollars,38264.786605
North Haven,2014,Accommodation And Food Services,US Dollars,17969.018866
North Stonington,2014,Local/Municipal Government,US Dollars,52168.811483
North Stonington,2014,Construction,US Dollars,-9999
North Stonington,2014,Manufacturing,US Dollars,51153.581152
North Stonington,2014,Retail Trade,US Dollars,26140.849741
North Stonington,2014,Health Care & Social Assistance,US Dollars,33982.208219
North Stonington,2014,Accommodation And Food Services,US Dollars,17294.649657
Norwalk,2014,Construction,US Dollars,58803.917986
Norwalk,2014,Manufacturing,US Dollars,155739.35577
Norwalk,2014,Retail Trade,US Dollars,61461.597376
Norwalk,2014,Finance And Insurance,US Dollars,297357.52768
Norwalk,2014,Health Care & Social Assistance,US Dollars,61614.217853
Norwich,2014,Local/Municipal Government,US Dollars,54678.69323
Norwich,2014,State Government,US Dollars,64633.441255
Norwich,2014,Construction,US Dollars,50541.353834
Norwich,2014,Manufacturing,US Dollars,55674.740819
Norwich,2014,Retail Trade,US Dollars,26931.615295
Norwich,2014,Health Care & Social Assistance,US Dollars,50988.340056
Old Lyme,2014,Local/Municipal Government,US Dollars,48553.105769
Old Lyme,2014,Construction,US Dollars,49012.142056
Old Lyme,2014,Manufacturing,US Dollars,46513.421053
Old Lyme,2014,Wholesale Trade,US Dollars,52402.5
Old Lyme,2014,Retail Trade,US Dollars,27942.006006
Old Lyme,2014,Health Care & Social Assistance,US Dollars,33229.64176
Old Saybrook,2014,Local/Municipal Government,US Dollars,42976.652674
Old Saybrook,2014,Construction,US Dollars,59671.252507
Old Saybrook,2014,Manufacturing,US Dollars,49214.596587
Old Saybrook,2014,Retail Trade,US Dollars,29987.738993
Old Saybrook,2014,Health Care & Social Assistance,US Dollars,42715.518352
Old Saybrook,2014,Accommodation And Food Services,US Dollars,21303.241144
Orange,2014,Construction,US Dollars,51079.851351
Orange,2014,Manufacturing,US Dollars,60404.38528
Orange,2014,Retail Trade,US Dollars,24837.749796
Orange,2014,Management Of Companies & Enterprises,US Dollars,109949.75717
Orange,2014,Administrative & Waste Management,US Dollars,25672.917132
Orange,2014,Accommodation And Food Services,US Dollars,18894.709742
Oxford,2014,Local/Municipal Government,US Dollars,45281.301901
Oxford,2014,Construction,US Dollars,58612.185845
Oxford,2014,Manufacturing,US Dollars,58005.749369
Oxford,2014,Retail Trade,US Dollars,33467.63575
Oxford,2014,Transportation & Warehousing,US Dollars,80326.422406
Oxford,2014,Health Care & Social Assistance,US Dollars,31713.278323
Plainfield,2014,Local/Municipal Government,US Dollars,44623.658928
Plainfield,2014,Construction,US Dollars,44040.057313
Plainfield,2014,Manufacturing,US Dollars,54494.763207
Plainfield,2014,Retail Trade,US Dollars,29198.340039
Plainfield,2014,Health Care & Social Assistance,US Dollars,27591.197119
Plainfield,2014,Accommodation And Food Services,US Dollars,14228.756821
Plainville,2014,Local/Municipal Government,US Dollars,51359.512491
Plainville,2014,Construction,US Dollars,65987.695376
Plainville,2014,Manufacturing,US Dollars,72544.118929
Plainville,2014,Retail Trade,US Dollars,26329.072173
Plainville,2014,Health Care & Social Assistance,US Dollars,42063.86027
Plainville,2014,Accommodation And Food Services,US Dollars,16961.170345
Plymouth,2014,Local/Municipal Government,US Dollars,53695.605634
Plymouth,2014,Construction,US Dollars,62874.657849
Plymouth,2014,Manufacturing,US Dollars,53499.065203
Plymouth,2014,Retail Trade,US Dollars,41514.205882
Plymouth,2014,Administrative & Waste Management,US Dollars,23960.563314
Plymouth,2014,Health Care & Social Assistance,US Dollars,23851.3809
Pomfret,2014,Local/Municipal Government,US Dollars,45089.5962
Pomfret,2014,Construction,US Dollars,48369.210918
Pomfret,2014,Manufacturing,US Dollars,45058.15748
Pomfret,2014,Retail Trade,US Dollars,25874.458221
Pomfret,2014,Accommodation And Food Services,US Dollars,17336.735294
Pomfret,2014,Other Services (Except Public Admin),US Dollars,50440.802139
Portland,2014,Local/Municipal Government,US Dollars,51482.959921
Portland,2014,Construction,US Dollars,57436.159588
Portland,2014,Manufacturing,US Dollars,59742.355872
Portland,2014,Retail Trade,US Dollars,41922.989186
Portland,2014,Health Care & Social Assistance,US Dollars,35637.343284
Portland,2014,Accommodation And Food Services,US Dollars,15374.061776
Preston,2014,Local/Municipal Government,US Dollars,42079.593195
Preston,2014,Construction,US Dollars,50437.130097
Preston,2014,Manufacturing,US Dollars,26222.25
Preston,2014,Retail Trade,US Dollars,24196.993464
Preston,2014,Administrative & Waste Management,US Dollars,68444.686047
Preston,2014,Accommodation And Food Services,US Dollars,14926.98385
Prospect,2014,Local/Municipal Government,US Dollars,46138.216696
Prospect,2014,Construction,US Dollars,50204.26102
Prospect,2014,Manufacturing,US Dollars,61181.937395
Prospect,2014,Retail Trade,US Dollars,22259.994657
Prospect,2014,Administrative & Waste Management,US Dollars,62215.668238
Prospect,2014,Health Care & Social Assistance,US Dollars,33864.883361
Putnam,2014,Construction,US Dollars,54042.676208
Putnam,2014,Manufacturing,US Dollars,60114.396273
Putnam,2014,Retail Trade,US Dollars,27622.698606
Putnam,2014,Administrative & Waste Management,US Dollars,22842.636312
Putnam,2014,Health Care & Social Assistance,US Dollars,52192.081552
Putnam,2014,Accommodation And Food Services,US Dollars,16160.381021
Redding,2014,Local/Municipal Government,US Dollars,54701.010486
Redding,2014,Construction,US Dollars,44915.8527
Redding,2014,Manufacturing,US Dollars,-9999
Redding,2014,Retail Trade,US Dollars,32878.339426
Redding,2014,Administrative & Waste Management,US Dollars,45337.968033
Redding,2014,Accommodation And Food Services,US Dollars,16581.614555
Ridgefield,2014,Local/Municipal Government,US Dollars,58710.83024
Ridgefield,2014,Construction,US Dollars,73374.201365
Ridgefield,2014,Manufacturing,US Dollars,-9999
Ridgefield,2014,Retail Trade,US Dollars,36329.835864
Ridgefield,2014,Health Care & Social Assistance,US Dollars,41689.201608
Ridgefield,2014,Accommodation And Food Services,US Dollars,20380.820011
Rocky Hill,2014,Construction,US Dollars,62391.242739
Rocky Hill,2014,Manufacturing,US Dollars,122762.43434
Rocky Hill,2014,Wholesale Trade,US Dollars,75638.751678
Rocky Hill,2014,Retail Trade,US Dollars,39581.429135
Rocky Hill,2014,Health Care & Social Assistance,US Dollars,39137.98997
Roxbury,2014,Local/Municipal Government,US Dollars,33931.616361
Roxbury,2014,Construction,US Dollars,43150.646341
Roxbury,2014,Manufacturing,US Dollars,-9999
Roxbury,2014,Retail Trade,US Dollars,-9999
Roxbury,2014,Administrative & Waste Management,US Dollars,30004.22449
Roxbury,2014,Other Services (Except Public Admin),US Dollars,44633.657143
Salem,2014,Local/Municipal Government,US Dollars,43339.551263
Salem,2014,Construction,US Dollars,42292.071429
Salem,2014,Manufacturing,US Dollars,-9999
Salem,2014,Retail Trade,US Dollars,28281.23301
Salem,2014,Accommodation And Food Services,US Dollars,17188.990196
Salisbury,2014,Construction,US Dollars,45729.135061
Salisbury,2014,Manufacturing,US Dollars,-9999
Salisbury,2014,Retail Trade,US Dollars,30422.203413
Salisbury,2014,Educational Services,US Dollars,51845.242374
Salisbury,2014,Health Care & Social Assistance,US Dollars,35879.65562
Salisbury,2014,Accommodation And Food Services,US Dollars,21854.379341
Scotland,2014,Federal Government,US Dollars,36493.714286
Scotland,2014,Local/Municipal Government,US Dollars,31191.19898
Scotland,2014,Construction,US Dollars,-9999
Scotland,2014,Manufacturing,US Dollars,-9999
Scotland,2014,Retail Trade,US Dollars,-9999
Scotland,2014,Transportation & Warehousing,US Dollars,25717.515789
Seymour,2014,Local/Municipal Government,US Dollars,51314.064619
Seymour,2014,Construction,US Dollars,54524.90398
Seymour,2014,Manufacturing,US Dollars,62220.8895
Seymour,2014,Retail Trade,US Dollars,35331.714561
Seymour,2014,Information,US Dollars,60640.789881
Seymour,2014,Accommodation And Food Services,US Dollars,14059.294172
Sharon,2014,Local/Municipal Government,US Dollars,43270.217391
Sharon,2014,Construction,US Dollars,51608.368098
Sharon,2014,Manufacturing,US Dollars,-9999
Sharon,2014,Retail Trade,US Dollars,27875.640232
Sharon,2014,Health Care & Social Assistance,US Dollars,51978.614148
Sharon,2014,Other Services (Except Public Admin),US Dollars,52530.912281
Shelton,2014,Construction,US Dollars,61345.420145
Shelton,2014,Manufacturing,US Dollars,112398.79761
Shelton,2014,Retail Trade,US Dollars,40753.216858
Shelton,2014,Administrative & Waste Management,US Dollars,31558.60592
Shelton,2014,Health Care & Social Assistance,US Dollars,50757.917141
Sherman,2014,Local/Municipal Government,US Dollars,38052.548458
Sherman,2014,Construction,US Dollars,40503.621951
Sherman,2014,Manufacturing,US Dollars,-9999
Sherman,2014,Retail Trade,US Dollars,-9999
Sherman,2014,Administrative & Waste Management,US Dollars,35402.287625
Sherman,2014,Other Services (Except Public Admin),US Dollars,31936
Simsbury,2014,Local/Municipal Government,US Dollars,54800.460229
Simsbury,2014,Construction,US Dollars,67408.150248
Simsbury,2014,Manufacturing,US Dollars,84107.744886
Simsbury,2014,Retail Trade,US Dollars,33899.08231
Simsbury,2014,Finance And Insurance,US Dollars,124057.89137
Simsbury,2014,Accommodation And Food Services,US Dollars,22629.175238
Somers,2014,Local/Municipal Government,US Dollars,45736.000962
Somers,2014,State Government,US Dollars,77918.814066
Somers,2014,Construction,US Dollars,48499.355556
Somers,2014,Manufacturing,US Dollars,-9999
Somers,2014,Retail Trade,US Dollars,23079.33871
South Windsor,2014,Local/Municipal Government,US Dollars,55692
South Windsor,2014,Construction,US Dollars,58883.16907
South Windsor,2014,Manufacturing,US Dollars,62182.274989
South Windsor,2014,Wholesale Trade,US Dollars,72336.702246
South Windsor,2014,Retail Trade,US Dollars,30230.651405
Southbury,2014,State Government,US Dollars,74063.982416
Southbury,2014,Construction,US Dollars,56296.032258
Southbury,2014,Manufacturing,US Dollars,-9999
Southbury,2014,Retail Trade,US Dollars,24196.503047
Southbury,2014,Health Care & Social Assistance,US Dollars,40158.551905
Southbury,2014,Accommodation And Food Services,US Dollars,19669.416761
Southington,2014,Local/Municipal Government,US Dollars,53485.066274
Southington,2014,Construction,US Dollars,54946.124598
Southington,2014,Manufacturing,US Dollars,62017.285478
Southington,2014,Retail Trade,US Dollars,27397.91255
Southington,2014,Health Care & Social Assistance,US Dollars,39963.722902
Southington,2014,Accommodation And Food Services,US Dollars,16995.335684
Sprague,2014,Local/Municipal Government,US Dollars,35870.494005
Sprague,2014,Construction,US Dollars,41532.635135
Sprague,2014,Manufacturing,US Dollars,63308.089648
Sprague,2014,Retail Trade,US Dollars,20203.654054
Sprague,2014,Accommodation And Food Services,US Dollars,12113.798319
Sprague,2014,Other Services (Except Public Admin),US Dollars,11358.20339
Stafford,2014,Local/Municipal Government,US Dollars,43054.252594
Stafford,2014,Construction,US Dollars,54673.161491
Stafford,2014,Manufacturing,US Dollars,50353.803028
Stafford,2014,Retail Trade,US Dollars,29232.056604
Stafford,2014,Health Care & Social Assistance,US Dollars,43019.611654
Stafford,2014,Accommodation And Food Services,US Dollars,12466.232432
Stamford,2014,Construction,US Dollars,62852.205599
Stamford,2014,Manufacturing,US Dollars,114386.02504
Stamford,2014,Retail Trade,US Dollars,44050.300311
Stamford,2014,Finance And Insurance,US Dollars,294564.49142
Stamford,2014,Health Care & Social Assistance,US Dollars,60597.855721
Sterling,2014,Local/Municipal Government,US Dollars,33151.934783
Sterling,2014,Construction,US Dollars,37257.303371
Sterling,2014,Manufacturing,US Dollars,51944.63731
Sterling,2014,Wholesale Trade,US Dollars,44981.725
Sterling,2014,Retail Trade,US Dollars,-9999
Sterling,2014,Accommodation And Food Services,US Dollars,18013.188119
Stonington,2014,Construction,US Dollars,52249.637759
Stonington,2014,Manufacturing,US Dollars,62318.369888
Stonington,2014,Retail Trade,US Dollars,29596.924824
Stonington,2014,Health Care & Social Assistance,US Dollars,38189.923661
Stonington,2014,Accommodation And Food Services,US Dollars,18682.709213
Stratford,2014,Local/Municipal Government,US Dollars,61652.042911
Stratford,2014,Construction,US Dollars,62644.532026
Stratford,2014,Manufacturing,US Dollars,101249.96808
Stratford,2014,Retail Trade,US Dollars,28594.183926
Stratford,2014,Transportation & Warehousing,US Dollars,49119.192606
Stratford,2014,Health Care & Social Assistance,US Dollars,37152.553321
Suffield,2014,State Government,US Dollars,72251.420483
Suffield,2014,Construction,US Dollars,51060.214487
Suffield,2014,Manufacturing,US Dollars,64339.555634
Suffield,2014,Wholesale Trade,US Dollars,40683.532327
Suffield,2014,Retail Trade,US Dollars,23022.799605
Suffield,2014,Health Care & Social Assistance,US Dollars,35512.536227
Thomaston,2014,Local/Municipal Government,US Dollars,46823.863205
Thomaston,2014,State Government,US Dollars,99393.525159
Thomaston,2014,Construction,US Dollars,51264.065089
Thomaston,2014,Manufacturing,US Dollars,55972.946873
Thomaston,2014,Retail Trade,US Dollars,40008.201163
Thomaston,2014,Accommodation And Food Services,US Dollars,14240.231489
Thompson,2014,Local/Municipal Government,US Dollars,39962.689049
Thompson,2014,Construction,US Dollars,34572.931298
Thompson,2014,Manufacturing,US Dollars,56807.265949
Thompson,2014,Retail Trade,US Dollars,17897.27674
Thompson,2014,Health Care & Social Assistance,US Dollars,38148.922744
Thompson,2014,Accommodation And Food Services,US Dollars,15854.050251
Tolland,2014,Local/Municipal Government,US Dollars,44254.473908
Tolland,2014,Construction,US Dollars,46100.394912
Tolland,2014,Manufacturing,US Dollars,52232.752502
Tolland,2014,Wholesale Trade,US Dollars,84432.671193
Tolland,2014,Retail Trade,US Dollars,24356.711501
Tolland,2014,Health Care & Social Assistance,US Dollars,27762.806842
Tolland County,2014,All Industries,US Dollars,44282
Tolland County,2014,Local/Municipal Government,US Dollars,44529
Tolland County,2014,State Government,US Dollars,64404
Tolland County,2014,Construction,US Dollars,57235
Tolland County,2014,Manufacturing,US Dollars,52402
Tolland County,2014,Retail Trade,US Dollars,29159
Tolland County,2014,Health Care And Social Assistance,US Dollars,39443
Torrington,2014,Local/Municipal Government,US Dollars,55015.989717
Torrington,2014,Construction,US Dollars,68607.393449
Torrington,2014,Manufacturing,US Dollars,53235.348713
Torrington,2014,Retail Trade,US Dollars,29719.31321
Torrington,2014,Health Care & Social Assistance,US Dollars,44112.766673
Torrington,2014,Accommodation And Food Services,US Dollars,16040.288042
Trumbull,2014,Local/Municipal Government,US Dollars,58571.631011
Trumbull,2014,Construction,US Dollars,50219.573586
Trumbull,2014,Manufacturing,US Dollars,64741.118509
Trumbull,2014,Retail Trade,US Dollars,23454.591242
Trumbull,2014,Health Care & Social Assistance,US Dollars,39811.337887
Union,2014,Local/Municipal Government,US Dollars,25692.047904
Union,2014,Construction,US Dollars,-9999
Union,2014,Manufacturing,US Dollars,0
Union,2014,Retail Trade,US Dollars,26783.44918
Vernon,2014,Local/Municipal Government,US Dollars,47901.559826
Vernon,2014,Construction,US Dollars,68993.454155
Vernon,2014,Manufacturing,US Dollars,58563.507289
Vernon,2014,Retail Trade,US Dollars,32241.856171
Vernon,2014,Health Care & Social Assistance,US Dollars,43804.952008
Vernon,2014,Accommodation And Food Services,US Dollars,18549.585581
Voluntown,2014,Local/Municipal Government,US Dollars,33055.047744
Voluntown,2014,State Government,US Dollars,50203.716129
Voluntown,2014,Construction,US Dollars,22840.396313
Voluntown,2014,Manufacturing,US Dollars,-9999
Voluntown,2014,Retail Trade,US Dollars,15091.5
Voluntown,2014,Accommodation And Food Services,US Dollars,14215.06267
Wallingford,2014,Construction,US Dollars,57505.309747
Wallingford,2014,Manufacturing,US Dollars,74879.801376
Wallingford,2014,Retail Trade,US Dollars,33879.304799
Wallingford,2014,Finance And Insurance,US Dollars,89251.933687
Wallingford,2014,Health Care & Social Assistance,US Dollars,44655.357984
Warren,2014,Local/Municipal Government,US Dollars,51797.70088
Warren,2014,Construction,US Dollars,-9999
Warren,2014,Manufacturing,US Dollars,33385.012048
Warren,2014,Retail Trade,US Dollars,16666.875
Warren,2014,Administrative & Waste Management,US Dollars,49270.873646
Warren,2014,Other Services (Except Public Admin),US Dollars,66994.846154
Washington,2014,Local/Municipal Government,US Dollars,52173.733385
Washington,2014,Construction,US Dollars,46974.874636
Washington,2014,Manufacturing,US Dollars,27648.39759
Washington,2014,Retail Trade,US Dollars,29349.588317
Washington,2014,Educational Services,US Dollars,50819.117267
Washington,2014,Accommodation And Food Services,US Dollars,26357.393802
Waterbury,2014,Local/Municipal Government,US Dollars,54074.519823
Waterbury,2014,Construction,US Dollars,57932.802864
Waterbury,2014,Manufacturing,US Dollars,52077.328802
Waterbury,2014,Retail Trade,US Dollars,26959.288428
Waterbury,2014,Health Care & Social Assistance,US Dollars,49388.952278
Waterbury,2014,Accommodation And Food Services,US Dollars,15837.950687
Waterford,2014,Local/Municipal Government,US Dollars,53487.94198
Waterford,2014,Construction,US Dollars,-9999
Waterford,2014,Manufacturing,US Dollars,43108.013201
Waterford,2014,Retail Trade,US Dollars,23255.980497
Waterford,2014,Health Care & Social Assistance,US Dollars,39579.339782
Waterford,2014,Accommodation And Food Services,US Dollars,20592.828752
Watertown,2014,Local/Municipal Government,US Dollars,48717.396488
Watertown,2014,Construction,US Dollars,68621.200365
Watertown,2014,Manufacturing,US Dollars,61861.106725
Watertown,2014,Retail Trade,US Dollars,37869.606486
Watertown,2014,Health Care & Social Assistance,US Dollars,32448.275296
Watertown,2014,Accommodation And Food Services,US Dollars,16425.975904
West Hartford,2014,Construction,US Dollars,59835.590688
West Hartford,2014,Manufacturing,US Dollars,69213.330105
West Hartford,2014,Retail Trade,US Dollars,26737.62422
West Hartford,2014,Educational Services,US Dollars,47437.26277
West Hartford,2014,Health Care & Social Assistance,US Dollars,38904.436962
West Hartford,2014,Accommodation And Food Services,US Dollars,20968.336665
West Haven,2014,Federal Government,US Dollars,83879.033845
West Haven,2014,Local/Municipal Government,US Dollars,53762.9685
West Haven,2014,Construction,US Dollars,52955.588731
West Haven,2014,Manufacturing,US Dollars,55706.572445
West Haven,2014,Retail Trade,US Dollars,32195.259612
West Haven,2014,Health Care & Social Assistance,US Dollars,33689.42426
Westbrook,2014,Construction,US Dollars,37256.519481
Westbrook,2014,Manufacturing,US Dollars,-9999
Westbrook,2014,Retail Trade,US Dollars,28936.066076
Westbrook,2014,Health Care & Social Assistance,US Dollars,22560.602207
Westbrook,2014,Accommodation And Food Services,US Dollars,22331.730174
Westbrook,2014,Other Services (Except Public Admin),US Dollars,22557.519194
Weston,2014,Local/Municipal Government,US Dollars,67958.689589
Weston,2014,Construction,US Dollars,60894.075188
Weston,2014,Manufacturing,US Dollars,0
Weston,2014,Retail Trade,US Dollars,32461.472119
Weston,2014,Other Services (Except Public Admin),US Dollars,33135.797802
Westport,2014,Construction,US Dollars,67473.34934
Westport,2014,Manufacturing,US Dollars,35392.023739
Westport,2014,Retail Trade,US Dollars,39392.027782
Westport,2014,Finance And Insurance,US Dollars,301888.96976
Westport,2014,Health Care & Social Assistance,US Dollars,54973.621084
Westport,2014,Accommodation And Food Services,US Dollars,26858.311655
Wethersfield,2014,Local/Municipal Government,US Dollars,53606.808018
Wethersfield,2014,State Government,US Dollars,63625.554318
Wethersfield,2014,Construction,US Dollars,45913.319095
Wethersfield,2014,Manufacturing,US Dollars,51326.80609
Wethersfield,2014,Retail Trade,US Dollars,23810.103477
Wethersfield,2014,Health Care & Social Assistance,US Dollars,43000.770617
Willington,2014,Local/Municipal Government,US Dollars,46475.239234
Willington,2014,Construction,US Dollars,41976.489796
Willington,2014,Manufacturing,US Dollars,49469.768763
Willington,2014,Retail Trade,US Dollars,-9999
Willington,2014,Health Care & Social Assistance,US Dollars,16089.93956
Willington,2014,Accommodation And Food Services,US Dollars,16226.771007
Wilton,2014,Local/Municipal Government,US Dollars,55217.875575
Wilton,2014,Construction,US Dollars,59109.824209
Wilton,2014,Manufacturing,US Dollars,-9999
Wilton,2014,Retail Trade,US Dollars,38838.76136
Wilton,2014,Finance And Insurance,US Dollars,316999.08837
Winchester,2014,Local/Municipal Government,US Dollars,49622.508267
Winchester,2014,State Government,US Dollars,45653.216102
Winchester,2014,Construction,US Dollars,39271.009421
Winchester,2014,Manufacturing,US Dollars,53933.144457
Winchester,2014,Retail Trade,US Dollars,32626.524205
Winchester,2014,Health Care & Social Assistance,US Dollars,35751.6704
Windham,2014,Local/Municipal Government,US Dollars,47744.070796
Windham,2014,State Government,US Dollars,40980.331063
Windham,2014,Construction,US Dollars,47664.150313
Windham,2014,Manufacturing,US Dollars,64112.618083
Windham,2014,Retail Trade,US Dollars,27697.658795
Windham,2014,Health Care & Social Assistance,US Dollars,41666.909838
Windham County,2014,All Industries,US Dollars,40487
Windham County,2014,Local/Municipal Government,US Dollars,43127
Windham County,2014,Construction,US Dollars,45742
Windham County,2014,Manufacturing,US Dollars,56720
Windham County,2014,Retail Trade,US Dollars,27820
Windham County,2014,Health Care And Social Assistance,US Dollars,39764
Windham County,2014,Accommodation And Food Services,US Dollars,16147
Windsor,2014,Construction,US Dollars,48322.8389
Windsor,2014,Manufacturing,US Dollars,95602.77589
Windsor,2014,Retail Trade,US Dollars,23961.107371
Windsor,2014,Finance And Insurance,US Dollars,96739.3508
Windsor,2014,Administrative & Waste Management,US Dollars,72283.843791
Windsor Locks,2014,Construction,US Dollars,56147.602817
Windsor Locks,2014,Manufacturing,US Dollars,112156.7974
Windsor Locks,2014,Wholesale Trade,US Dollars,78918.017212
Windsor Locks,2014,Retail Trade,US Dollars,33051.435942
Windsor Locks,2014,Transportation & Warehousing,US Dollars,44923.072848
Windsor Locks,2014,Accommodation And Food Services,US Dollars,19533.396115
Wolcott,2014,Local/Municipal Government,US Dollars,54872.903918
Wolcott,2014,Construction,US Dollars,50695.889567
Wolcott,2014,Manufacturing,US Dollars,49448.798242
Wolcott,2014,Retail Trade,US Dollars,23389.453027
Wolcott,2014,Health Care & Social Assistance,US Dollars,32892.181495
Wolcott,2014,Accommodation And Food Services,US Dollars,11538.493489
Woodbridge,2014,Local/Municipal Government,US Dollars,53718.369152
Woodbridge,2014,Construction,US Dollars,40363.435407
Woodbridge,2014,Manufacturing,US Dollars,61222.206755
Woodbridge,2014,Retail Trade,US Dollars,32336.480811
Woodbridge,2014,Administrative & Waste Management,US Dollars,17007.812311
Woodbridge,2014,Health Care & Social Assistance,US Dollars,26971.252458
Woodbury,2014,Local/Municipal Government,US Dollars,52727.307282
Woodbury,2014,Construction,US Dollars,48443.638731
Woodbury,2014,Manufacturing,US Dollars,42072.419672
Woodbury,2014,Retail Trade,US Dollars,27347.674293
Woodbury,2014,Accommodation And Food Services,US Dollars,17617.149837
Woodstock,2014,Local/Municipal Government,US Dollars,39814.067172
Woodstock,2014,Construction,US Dollars,43727.411321
Woodstock,2014,Manufacturing,US Dollars,63779.774094
Woodstock,2014,Retail Trade,US Dollars,32651.045267
Woodstock,2014,Educational Services,US Dollars,53818.986311
Woodstock,2014,Health Care & Social Assistance,US Dollars,23179.974903
